text,aspect,true_label,pred_label,error_type
"Small and pretty, color not yet applied to lips, not sure if it suits but beautiful ?",colour,neutral,positive,neutralâ†’positive
"Bought for the first time, the color is pretty and the lipstick is a bit light kkk but there's nothing to criticize about this color",texture,positive,neutral,positiveâ†’neutral
"I haven't tried the lipstick yet so I don't know the quality. But this lipstick is expensive at 250k! But buy 1 get 1 free in this color, it's ok",price,negative,positive,negativeâ†’positive
"The lipstick well, the color is like cherry red, leaving a dark pink base on my lips.",colour,positive,neutral,positiveâ†’neutral
"Lipstick does not increase color. The smell is okay, not very fragrant, the lipstick is soft and smooth, overall it's ok",smell,positive,neutral,positiveâ†’neutral
"Lipstick does not increase color. The smell is okay, not very fragrant, the lipstick is soft and smooth, overall it's ok",colour,negative,neutral,negativeâ†’neutral
"The lipstick smell is quite and fragrant but the price is very reasonable, the lipstick is smooth so don't ask for much :33",smell,negative,positive,negativeâ†’positive
"The lipstick color is very satisfying. Even though it's an international product, delivery takes a while, but it's okay. Thank you to the manufacturer and thank you to the shipping company.",shipping,neutral,negative,neutralâ†’negative
"The shop delivered beautiful lipstick products worth buying, everyone ?",shipping,positive,neutral,positiveâ†’neutral
"It took a long time to ship, probably due to the epidemic. The product received in full. The color is quite dark, 1 earthy red, 1 earthy orange red, a bit dark compared to the color, quality is okay compared to the price, there is a chemical smell. The shop gave me an extra mask and blackhead remover.",colour,neutral,negative,neutralâ†’negative
"Color 002 is the top color, guys. It's more of a deep brown. It's quite soft on the lips, but not too matte. Suitable for those with white skin, or if you apply it lightly it will look a bit old.",colour,neutral,positive,neutralâ†’positive
"The shipper is very attentive, due to the epidemic, it may take a little longer. The packaging of the product is very sturdy and avoids overheating. Buy 2 in the sale and get 1 extra free. It's so pretty. Next time I will continue to support this shop.",shipping,positive,neutral,positiveâ†’neutral
"Matte lipstick, beautiful color, smooth lips but a little dry. A handsome delivery man ?",texture,neutral,negative,neutralâ†’negative
"The lipstick is very beautiful, it like strawberry syrup and chocolate, very beautiful, please test for the correct color",colour,positive,neutral,positiveâ†’neutral
"The lipstick color is beautiful on the lips, but the black shell is so pretty",texture,negative,positive,negativeâ†’positive
"I bought 2 lipstick colors, 23 and 19. 23 is darker than 19, 19 is brighter, the lipstick is also smooth, not too matte, wipe it off and still have a light tint layer.",stayingpower,neutral,negative,neutralâ†’negative
"Full delivery, reasonable price. Haven't used it yet so don't know how it works. Thank you store!",shipping,positive,neutral,positiveâ†’neutral
"Images are for coin recognition purposes only Son looks very beautiful. When applied to the lips, it feels foamy and dry. Because I just tested it, I don't know if it's durable or not. Support 5 stars",texture,neutral,positive,neutralâ†’positive
"The lipstick is very pretty, the color 203 is brighter in person than in the photo. It's a bit picky about skin color, so everyone should consider before buying.",colour,neutral,negative,neutralâ†’negative
"Uses: on my lips, it's orange-red Texture: pretty lipstick Color fastness: 3 to 4 hours, will last longer if not exposed",colour,neutral,positive,neutralâ†’positive
"We say that from the lipstick case to the lipstick, the quality is the same >< the color is perfect, the lips are soft and smooth, without clumping, the lips are super pretty. Very worth the money, you should buy it! Delivery took a bit long, but in return the shipper was extremely friendly, so I rate it 5 stars! *Video is for recognition purposes only*@@",shipping,positive,neutral,positiveâ†’neutral
"Received the goods quite quickly, the shop also packaged the goods carefully. The lipstick is soft and smooth, easy to spread, no smell, applies smoothly but not dry, and the price is so cheap. The problem is that the lipstick when tested on my hand looks better than when it's on my lips, and the color on the picture is also more beautiful than in person. Anyway, I really like it",colour,negative,positive,negativeâ†’positive
"This color is a bit dark, suitable for makeup but not for bare faces. The lipstick is long-lasting, easy to wear off. One light swipe and it's all gone.",stayingpower,negative,positive,negativeâ†’positive
"This color is a bit dark, suitable for makeup but not for bare faces. The lipstick is long-lasting, easy to wear off. One light swipe and it's all gone.",texture,negative,positive,negativeâ†’positive
"This color is a bit dark, suitable for makeup but not for bare faces. The lipstick is long-lasting, easy to wear off. One light swipe and it's all gone.",colour,neutral,negative,neutralâ†’negative
"Beautiful color, smooth, matte, extremely fragrant Delivery takes about 5-6 days Spa is very good",shipping,positive,neutral,positiveâ†’neutral
Delivery is quite fast. Smaller than pictured. The lipstick is difficult to spread. The color is as beautiful as the picture,colour,negative,positive,negativeâ†’positive
"The lipstick is not very durable and takes a long time to deliver, but it's cheap and can be used temporarily",stayingpower,neutral,negative,neutralâ†’negative
"The lipstick is beautiful but it's a bit pink, still 10",colour,neutral,negative,neutralâ†’negative
"Bought 3 lipsticks, not a great price but very good, the shop shipped quickly and wrapped well, I think this collection is worth buying. V26 is so beautiful",price,neutral,positive,neutralâ†’positive
"The color is very nice The color is exactly like chocolate, but I apply it boldly on the center of my lips, instead of lightly applying it to an orange-brown color, it's more orange. The lipstick is matte but not very smooth. It dries out your lips and the color fades quickly. After eating a little, the lipstick gets all over your food.",stayingpower,negative,positive,negativeâ†’positive
Received the goods quickly and shipped from there even faster than when I ordered and shipped from the store :) I bought this color as a gift for my motherâ€¦,colour,neutral,positive,neutralâ†’positive
The lipstick is very beautiful. It's a good price. delivery took a while due to the epidemic so I told the shop to ship quickly within 5 days. I will support the shop for a long time.,shipping,negative,positive,negativeâ†’positive
"003 is beautiful, it looks very western 102 is a bit greasy with a super dry texture, Asian skin doesn't look good",colour,neutral,positive,neutralâ†’positive
"Full product delivery Due to the epidemic situation, it took me quite a while to receive it, okay?",shipping,neutral,negative,neutralâ†’negative
"Uses: Lipstick Texture: thin Color fastness: 8/10 This color will look good on people with medium to white skin, the color is so pretty that many people don't know, but I don't like the lipstick quality of this line, the smell is a bit unpleasant.",texture,negative,neutral,negativeâ†’neutral
"Cheap price, buy to try and experience. All of them are durable and durable. I haven't tested the lip color yet so I can't rate it specifically. In general, every tree color is beautiful",colour,positive,neutral,positiveâ†’neutral
"Product quality is good, beautiful lipstick, long lasting does not cause dry lips, long delivery but it's okay during the pandemic so accept",shipping,neutral,negative,neutralâ†’negative
"Texture: 9/10 Color fastness: 8/10 The shop delivered fast but the lipstick color is not durable, guys, but the color is very ok",stayingpower,negative,positive,negativeâ†’positive
"The lipstick is just a little matte, the color is quite pretty, the quality is ok, but why does the shell look like it's smeared with oil?",stayingpower,neutral,positive,neutralâ†’positive
The lipstick is as beautiful as the picture Delivery took quite a while The lipstick doesn't wear off too quickly like candy,stayingpower,positive,negative,positiveâ†’negative
"The lipstick is beautiful and fast, but looks a bit confusing on the outside. The matte lipstick applies without clumping or dries very smoothly.",colour,neutral,negative,neutralâ†’negative
"The lipstick is very beautiful, it's an international product so I waited a long time but I'm so satisfied. There's no need to discuss the lipstick color (as shown in the photo), the hero lipstick color is shinier than the other lipstick",texture,neutral,positive,neutralâ†’positive
"The lipstick color is so beautiful, it like chocolate candy. In general, the price is cheap but the quality, in my personal opinion, is great. I chose a slightly dark color, which is very suitable huhu",colour,neutral,positive,neutralâ†’positive
"U is a really nice lipstick color, delivery took a little long, thank you. The lipstick is beautiful so I'll let it go. Packaged very carefully ?",shipping,neutral,negative,neutralâ†’negative
"Uses: lipstick has the ability to adhere to color very well Texture: matte cream lipstick Color fastness: after 3-4 hours it will begin to fade The reddish brown orange color matches all ncl skin tones, it's so pretty",texture,neutral,positive,neutralâ†’positive
"The matte cream lipstick doesn't have to worry about it slipping off, the color is really good",texture,neutral,positive,neutralâ†’positive
"The product is just like the picture, the quality is suitable for the price, the color is standard, the paint is a little matte, if you wipe it hard it will come off",stayingpower,neutral,positive,neutralâ†’positive
"Cute lipstick design, beautiful lipstick color, especially 501. However, the lipstick quality is okay but when I apply it, it doesn't stick to the upper lip line ?",texture,positive,negative,positiveâ†’negative
"Texture: hihi Color fastness: hihi It's ok. Exactly the color I like, dark style. The smell is also fragrant. Ncl ok",stayingpower,neutral,positive,neutralâ†’positive
Uses: beautiful lipstick Texture: beautiful Color fastness: beautiful It's great to receive a lipstick with such a beautiful and satisfying color,stayingpower,positive,neutral,positiveâ†’neutral
"The product is ok, the lipstick is a fine powder but doesn't stick for long and easily fades into a beautiful color",texture,neutral,positive,neutralâ†’positive
The color 302 is the most beautiful..402 is ok..similar to merzy m5â€¦but 501 is very light..not as dark as the picture..the lipstick is smooth but difficult to apply..especially 501â€¦all 3 bars are difficult to blend on the lips..not pleasing to the lips at all,texture,neutral,negative,neutralâ†’negative
"The color is pretty and has just the right amount of staying power, not matte. The color is a little lighter than the photo",stayingpower,neutral,positive,neutralâ†’positive
"Beautiful lipstick, the shop carefully packaged each product, so delivery took a while",shipping,neutral,negative,neutralâ†’negative
Super pretty lipstick with perfect color. These two colors are very similar. They are not very,texture,positive,neutral,positiveâ†’neutral
Super pretty lipstick with perfect color. These two colors are very similar. They are not very,colour,neutral,positive,neutralâ†’positive
"The color of the lipstick is very beautiful. If you have sensitive skin like me, this lipstick is ok, it's not picky about your skin, it's good for your tooth enamel, it takes a while to deliver, but due to the pandemic, I understand so you should buy it and try it.",shipping,neutral,negative,neutralâ†’negative
The product was carefully packaged and delivered in the correct color. Haven't used it yet so quality is unknown,shipping,neutral,positive,neutralâ†’positive
I've used this lipstick so many times. I don't like any color as much as this one. I'll have to buy it over and over again.,colour,positive,negative,positiveâ†’negative
"Very beautiful, very smooth lipstick, but because it's in translation, the delivery took a while. In general, I should buy it without taking photos :((",shipping,neutral,negative,neutralâ†’negative
"The lipstick like chocolate. I don't know if my lips are quite soft, matte or not..",texture,positive,neutral,positiveâ†’neutral
"I didn't think international products would take so long.. the packaging and packaging of the lipstick is beautiful but the lipstick is quite disappointing.. the color is decent but the quality of the lipstick is so bad that the slightest touch causes it to fall on your hand.. it doesn't stick, the lipstick tip is bent too much and keeps getting stuck so you have to gently pull it out for fear it will break so buy it to make sure not to buy again",colour,neutral,positive,neutralâ†’positive
"Air mist silky matte line: thin matte lipstick but extremely dry and reveals lip lines, anyone with dry lips should not buy it Clay mashed potato line: beautiful, matte color on lips but still has a certain softness and moisture. Highly recommended to try The super velvet line: is drier on the lips than the clay mashed potato line, but the color palette is prettier",texture,negative,positive,negativeâ†’positive
"The lipstick is smooth and can't be washed off after eating or drinking. Leave it on for a while until it becomes more pinkâ€¦, lipstick causes dry lips so use more moisturizer.",texture,neutral,positive,neutralâ†’positive
"First of all, the lipstick like peach, the texture is smooth, but I feel like it has some chemicals in it",texture,neutral,positive,neutralâ†’positive
"First of all, the lipstick like peach, the texture is smooth, but I feel like it has some chemicals in it",smell,positive,negative,positiveâ†’negative
"Delivery took a while, everyone, but the packaging and product quality are terrible",packing,positive,negative,positiveâ†’negative
"Ordered last year and received it this year. It took a long time to deliver, but the quality of the lipstick is ok and the packaging is already good. I naturally went to buy this color and apply it on the alum.",colour,negative,positive,negativeâ†’positive
"I don't really like the quality of the lipstick, but the color is okay. Let's try another color to see how it goes",colour,positive,neutral,positiveâ†’neutral
The lipstick is super pretty but I have to apply many layers to get the same color as in the photo. The lipstick like chocolate hehe I love it,colour,neutral,positive,neutralâ†’positive
"Super pretty lipstick with cheap price: 33 Yew shop ? The shipper is also friendly ? For international shipments, delivery takes a while, otherwise everything is ok ?",shipping,negative,neutral,negativeâ†’neutral
"Foreign shops should take a long time to deliver Shipper is friendly The shop gives enthusiastic advice Pack carefully As for the quality, I don't know yet because I haven't tried it yet",shipping,negative,neutral,negativeâ†’neutral
"Delivery took about 1 week, I don't like the quality of the lipstick, the color isn't too pretty",colour,positive,negative,positiveâ†’negative
"The lip color is a bit brighter than I expected, but the quality is quite difficult to apply evenly, but the reviews are quite good in terms of spp",colour,neutral,positive,neutralâ†’positive
"Delivery is quite fast, the lipstick is really beautiful, the cap is really good, the color is pretty but a bit dark xxisu, I don't know if it fits, I haven't tried it yet, overall it's quite",colour,neutral,positive,neutralâ†’positive
"Buying at a mall makes you feel secure, but as soon as you get home, the cosmetics store near your house has cheaper sales ?",price,negative,positive,negativeâ†’positive
"The lipstick is smooth and of chocolate. I like color 003 more, it is a slightly orange brown color that is easy to use for many skin types, color 301 is a bit reddish. I'm looking for a darker shade but don't know what color it is. If you have bought it, please give me some advice",colour,positive,neutral,positiveâ†’neutral
"The color of the lipstick is quite good but easy to wear off, the price is reasonable.",price,positive,neutral,positiveâ†’neutral
The color is brighter than I thought. I've used romand a lot so I quite like it,colour,positive,negative,positiveâ†’negative
"The color is beautiful and the smell is not very fragrant but it's okay. I see a shadow. The lipstick is difficult to apply, dries quickly, is difficult to apply, and irritates the lips. Extremely dry lips. But it's 19k",smell,negative,neutral,negativeâ†’neutral
The lipstick has super good color but the smell is a bit unpleasant. Fit howph for the price,shipping,positive,negative,positiveâ†’negative
"First time buying lipstick from this brand, the store delivered the right color, beautiful lipstick color The shop delivered the goods quite quickly, the packaging did not use plastic bags, but fortunately there were no dents",packing,neutral,positive,neutralâ†’positive
"The lipstick shell is very nice to the touch, the lipstick is a bit dry but the texture is ok You should buy it?",texture,negative,positive,negativeâ†’positive
Solid lipstick. Pack the product securely. Lipstick has beautiful color. Fragrant lipstick,texture,neutral,positive,neutralâ†’positive
"I've bought it 3 times already, the lipstick color is beautiful The smell is not very pleasant â€¦",smell,neutral,negative,neutralâ†’negative
"Uses: Helps lips shine brightly Texture: soft, smooth, silky Color fastness: amazing goodjob! I love your gifts <3",stayingpower,positive,neutral,positiveâ†’neutral
IT'S BORING TO USE VERY POWDER I WILL NEVER BUY FOCALLURE'S PRODUCTS AGAIN BECAUSE THE QUALITY IS TOO BAD,texture,negative,positive,negativeâ†’positive
"Fragrant, I really like this lipstick, easy to spread the color beautifully, holds the color on the lips a little well, but it is not suitable for dark skin and you have dark lip lines. (video and photo are not related).",colour,positive,negative,positiveâ†’negative
"The lipstick is of poor quality, the smell is bad, it says matte lipstick but after a little wiping it goes away. If you pay attention, you will see that there are 2 types of lipsticks for sale (gold cap and black cap), and the lipstick I bought (gold cap) is very popular on sale (maybe it's because the sale is so bad that it can be sold).",stayingpower,negative,positive,negativeâ†’positive
"The lipstick is of poor quality, the smell is bad, it says matte lipstick but after a little wiping it goes away. If you pay attention, you will see that there are 2 types of lipsticks for sale (gold cap and black cap), and the lipstick I bought (gold cap) is very popular on sale (maybe it's because the sale is so bad that it can be sold).",price,negative,positive,negativeâ†’positive
"The color is beautiful, just easy to wear. The color of the photo is not very accurate. Shipping time is very reasonable. I placed the order with excitement waiting to experience the product and I didn't get tired of waiting at all. It can be seen that the shipping company does not care about the weather and remote roads to deliver the products",colour,neutral,positive,neutralâ†’positive
"Fast delivery, the pink color doesn't suit my skin very well, it suits those with lighter skin",colour,negative,neutral,negativeâ†’neutral
"Quality product, scent is not color is slightly lighter than the photo. The long delivery is probably due to the epidemic",smell,positive,negative,positiveâ†’negative
"The pencil is quite easy to apply and has a nice, smooth lipstick, but it's a bit dry. If you have dry lips, using it will easily reveal your flaws. Fast delivery. I was surprised. I secretly bought it from my mother but she borrowed money and didn't pay it back until the delivery was faster than expected. I didn't dare to ask my mother for money :D",texture,neutral,positive,neutralâ†’positive
"Texture: okkkk Color fastness: In general, the lipstick is very beautiful so you should buy it. It's okay if you use the shop after a while to change it",stayingpower,positive,neutral,positiveâ†’neutral
"Uses: So pretty Texture: jdjd Color fastness: sour autumn The packaging was careless, as if someone had opened it with a whip",stayingpower,neutral,negative,neutralâ†’negative
"Tet so delivery takes quite a while. The lipstick color is beautiful but the two lipstick lines are different so the quality is different, it's ok to buy it for experience at this price range",texture,neutral,negative,neutralâ†’negative
"Buy 2 lipsticks. The outer shell looks good, but when opened, the tree is ok. The remaining tree is weak. Because it has lost the white bark at the top of the lipstick container. Quite sad. Well, you get what you pay for. Buying cheap must be accepted. I still rate 5* when buying from the shop.",price,neutral,positive,neutralâ†’positive
Texture: ok Color fastness: slightly faster than the old version :**((((((((((#(@(((#(#(#((#(#(#((#(#(#(#(#(#(#(#),stayingpower,negative,positive,negativeâ†’positive
"So beautiful, it so good",smell,negative,positive,negativeâ†’positive
"I bought it during the sale so the price was quite cheap. The store gave me a eglips lipstick color 04 that is almost the same as the 2 color tones I bought, thank you very much store.",colour,neutral,positive,neutralâ†’positive
"Carefully wrapped, delivery took a while, beautiful color, holding the lipstick feels as smooth as velvet",shipping,positive,negative,positiveâ†’negative
The lipstick is slightly dry and the color is brighter than the illustration. The color on the left is color 302,colour,negative,neutral,negativeâ†’neutral
"The lipstick is beautiful, the scent of chocolate is delicious, if you have dark lips you should not buy this color :vv because it doesn't come out the right color to check. In general, cheap and good",colour,negative,neutral,negativeâ†’neutral
"Uses: The product applies to beautiful, fragrant lips Texture: does not stick to the standard color Color fastness: good",texture,neutral,negative,neutralâ†’negative
"If the delivery is late, next time I will give you a break Expensive lipstick on sale, still expensive, buy Romand lipstick, bbia blackrouge :))",price,negative,positive,negativeâ†’positive
"The lipstick like orange milk. But the color is not as dark as in the picture but it's okay, I still like it very much. It's so beautiful that I bought it, but the store covered the smiley face and made it look pretty, so I had to peel it off ?",colour,positive,neutral,positiveâ†’neutral
"I didn't open this lipstick because I gave it to a friend, but the color is beautiful but I don't know what the quality will be like.",texture,positive,neutral,positiveâ†’neutral
Texture: beautiful Color fastness: tip of tip,stayingpower,positive,neutral,positiveâ†’neutral
"The lipstick is very matte,,, but it easily darkens the lips, please note, it's hard to remove and it's a bit burning when you put it on.",texture,neutral,negative,neutralâ†’negative
Fast delivery but also slow delivery The quality of the product is absolutely terrible I also got a lipstick and a lip mask with an egg-shaped mask Super likehh,shipping,neutral,positive,neutralâ†’positive
"Son is beautiful I think the lipstick is quite ok, the lipstick has a pink base so it's okay, it's still pretty I bought it for my friend's birthday so I couldn't test it directly",colour,positive,neutral,positiveâ†’neutral
"Oh my god, mom! From the packaging to the design, it is definitely beautiful, so beautiful ?. I have to buy more to get the full set to get it. It's not so beautiful, but it's also the right color. I give the shop many stars ?",shipping,neutral,positive,neutralâ†’positive
"Uses: creates super beautiful color Texture: liquid, soft and smooth Color fastness: about 4 hours Long delivery leads to depression The lipstick color is very beautiful The box is also very beautiful",stayingpower,neutral,negative,neutralâ†’negative
"I quite like the packaging and the delivery is also quite fast. I have never used this brand. I recommended it so I bought it to try and use. I am very satisfied. The smell is not too It's very ok. The color is 905. When I tested it on my hand because I was taking flash photos, it was a bit and but on my lips, it was ok.",smell,positive,neutral,positiveâ†’neutral
"Lipstick color 907 is so pretty, this color is exactly like the model so I like it very much. The remaining color 901 is not the same as on the sample, I'm a bit disappointed, the lipstick color is more nude, it looks Western but looks very pale on the lips. Illustration of receiving coins",colour,neutral,positive,neutralâ†’positive
"Uses: Lipstick Texture: Beautiful Color fastness: Good The lipstick is smooth but a bit drying on the lips, fast delivery, securely packaged",texture,neutral,positive,neutralâ†’positive
"Beautifully designed, the rough shell is pleasant to the touch. The lipstick is a bit dry on the lips so apply lip balm first. It's fragrant, smooth, and the brush tip is soft and easy to apply. You should buy it ^-^",texture,negative,positive,negativeâ†’positive
"beautiful color and fast delivery time, the shop said it would take 7 days but it took 10 days to arrive. Due to long distance shipping, the box was dented. The box is pretty but I can't keep it. I saw a lot of tiktokers recommending this brand so I trusted it and bought it. The lipstick quality is super super beautiful and the price is cheap. I think people who are new to makeup should buy it and try it.",packing,negative,positive,negativeâ†’positive
"Okay, here are my 2 colors: 203,302, according to my sister, the lipstick is quite dry",colour,neutral,positive,neutralâ†’positive
"The lipstick is soft and doesn't dry your lips. The chocolate smell is super fragrant, not this color is very gentle and easy to use on the lips, MLBB style. Really, this price with this lipstick quality is really worth buying.",colour,positive,negative,positiveâ†’negative
"Images are for illustration purposes only Despite the translation, the shop delivered the goods quickly I also like that lipstick color, but my skin type is a bit picky If you add a little makeup, you'll look better",colour,neutral,positive,neutralâ†’positive
"Bought right during the flash sale time frame so the price is extremely cheap. The lipstick is small and pretty, the shell is beautifully designed and sturdy, and the lipstick color is smooth and doesn't dry out. Very satisfied.",colour,neutral,positive,neutralâ†’positive
I like 302 but it's hard to flirt because it's too stubborn. As tough as watercolor :) Color 403 easily and is also beautiful Deliver complete and correct goods But only 2.4 grams is a bit smaller and lighter than expected.,texture,negative,positive,negativeâ†’positive
I like 302 but it's hard to flirt because it's too stubborn. As tough as watercolor :) Color 403 easily and is also beautiful Deliver complete and correct goods But only 2.4 grams is a bit smaller and lighter than expected.,colour,neutral,positive,neutralâ†’positive
I like 302 but it's hard to flirt because it's too stubborn. As tough as watercolor :) Color 403 easily and is also beautiful Deliver complete and correct goods But only 2.4 grams is a bit smaller and lighter than expected.,shipping,neutral,positive,neutralâ†’positive
"The lipstick is very pretty, the quality is smooth, the delivery is quite slow but the translation is understandable, the package is well packaged",shipping,neutral,negative,neutralâ†’negative
Uses: Can I use lipstick to go out with girls? :)) Texture: I haven't used it yet so I don't know Color fastness: looks matte as people say,stayingpower,negative,positive,negativeâ†’positive
I think it's more orange than red but the lipstick is very smooth,colour,neutral,positive,neutralâ†’positive
"Standard goods After many days of waiting, she finally returned Pack carefully",shipping,negative,positive,negativeâ†’positive
Beautiful lipstick. It's normal. Will support more :))))))))) ?,stayingpower,neutral,negative,neutralâ†’negative
The lipstick color is quite pleasing on the lips. Mild smell. Bought on flash sale so thank you very much to the store,smell,positive,neutral,positiveâ†’neutral
The lipstick color is beautiful and fragrant Order in 5 days and get the product There's nothing to criticize at all So excellent,shipping,neutral,positive,neutralâ†’positive
"Delivery 46 days :)) Due to the complicated epidemic situation, I also tried to wait for the goods to arrive The store packed it carefully I haven't checked the scented lipstick yet, but it's probably authentic because it's my first time buying it Got an extra baribe lipstick with a color as pretty as A25, the packaging is so pretty. When I opened the package, I was a bit disappointed",smell,neutral,positive,neutralâ†’positive
Uses: Texture: 0,texture,negative,neutral,negativeâ†’neutral
"Actually, at this price range, it's ok to buy, I bought it on sale for only 26k so I'm satisfied, but if I buy it for regular use then I shouldn't, because I have to apply lip balm carefully to make it look beautiful, not clumpy.",texture,negative,positive,negativeâ†’positive
"I bought 1 tube before, the lipstick is beautiful and fragrant but a bit dry. Just buy it for fun, it's not your money.",price,neutral,negative,neutralâ†’negative
The lipstick color is okay but not very good. You get what you pay for,price,positive,neutral,positiveâ†’neutral
"The lipstick has a nice color, but the texture is a bit dry so the lip lines can easily show. Shipping doesn't take too long even though it's international. Worth buying!",shipping,positive,neutral,positiveâ†’neutral
Satisfactory design. The lipstick is also quite smooth. Not really matte but not too easy to wear. The color is a bit darker than the color in the photo. Still satisfied with this lipstick and this price,stayingpower,neutral,negative,neutralâ†’negative
"I like it so much <3 The lipstick is so fragrant Deep color Fast delivery and cheap too, not very fast but quality like this is 5? ha <3",stayingpower,neutral,negative,neutralâ†’negative
"I haven't known about this lipstick for a long time and this is my first time buying Shopee Mall but I trust it, fast delivery, beautiful and smooth lipstick, I'm just sad because it's not durable but the review doesn't know if it's because of my lips or what ?",stayingpower,negative,positive,negativeâ†’positive
"The color of the lipstick is more earthy pink, my dear, it very good ? ?",colour,neutral,positive,neutralâ†’positive
Structure: Carefully packaged Color fastness: Haven't tested so don't know The lipstick color is quite satisfactory. Beautiful smooth shell.,texture,neutral,positive,neutralâ†’positive
"Uses: â€¦ Texture: thin, light, matte Color fastness: quite long lasting Beautiful color, looks good on lips, takes quite a while to deliver. Slightly smaller than imagined",texture,positive,neutral,positiveâ†’neutral
Color fastness: beautiful can do yyyy can do that,stayingpower,positive,neutral,positiveâ†’neutral
"The packaging is so sketchy, the lipstick is not as accurate as the photo, the powder works well, the concealer has a smell, overall the price is cheap, so I only bought powder and highlighter, the worst thing is the foundation color is like that of u60 :))",colour,negative,positive,negativeâ†’positive
"Texture: The lipstick like chocolate when applied to the lips, it's a bit dry, and the color is nice overall",texture,negative,neutral,negativeâ†’neutral
"Texture: beautiful Color fastness: I don't know if it to my lips Uses: beautiful The color is beautiful, but it doesn't stick to my lips at all.",stayingpower,negative,neutral,negativeâ†’neutral
"Texture: beautiful Color fastness: I don't know if it to my lips Uses: beautiful The color is beautiful, but it doesn't stick to my lips at all.",texture,positive,neutral,positiveâ†’neutral
The lipstick is soft and smooth. The smell is not too fragrant You get what you pay for. Next time I will buy again to support ?,smell,neutral,negative,neutralâ†’negative
"The lipstick has a beautiful color, dries quickly and spreads, but it's better if it's difficult to apply..",texture,negative,positive,negativeâ†’positive
"Goods delivered, just the mask is a bit small. Looking at the photo, I thought it would be too big ?",shipping,neutral,positive,neutralâ†’positive
"Use: apply on lips Texture: cream lipstick Color fastness: good The outside of the lipstick is really nice, on the inside, it feels a little dry on the lips, but it doesn't feel smooth.",texture,neutral,negative,neutralâ†’negative
"It's been a long time since I've been a teacher, exactly a month ago, the lipstick is so matte that you can wipe it off if you try it on your hand",stayingpower,negative,positive,negativeâ†’positive
"It's been a long time since I've been a teacher, exactly a month ago, the lipstick is so matte that you can wipe it off if you try it on your hand",shipping,negative,positive,negativeâ†’positive
"I bought 2 color bars 402 and 404 eagle vc :))) Not very matte, the lipstick is smooth, the lipstick smell I hate, the price is okay",colour,positive,neutral,positiveâ†’neutral
"The shop agreed to redeliver the goods 3 times, not canceling the order. The lipstick has a smell but it's light. Dries quickly, gives good color, but if left for a long time, the powder becomes a bit crumbly.",smell,negative,neutral,negativeâ†’neutral
"Delivered on time, lipstick makes lips dry, good, beautiful packaging.",shipping,positive,neutral,positiveâ†’neutral
"Due to the pandemic, delivery was not very fast. I bought it and used it for a long time but found it sold here at an ok price and the quality is ok too.",shipping,neutral,negative,neutralâ†’negative
"The orange matte lipstick is so beautiful but the delivery took quite a while, ordered on December 12 but it didn't arrive until December 24.",texture,neutral,positive,neutralâ†’positive
"The lipstick is a bit smeary on the skin, suitable as a base and then mixed with a darker color is fine.",colour,negative,neutral,negativeâ†’neutral
"Very pretty, everyone, of chocolate, good product but the color 203 is a bit pink, so if you want it, get another color, delivery took a while due to the epidemic.",colour,neutral,negative,neutralâ†’negative
"When delivered here, the shell was a bit distorted so I was a little disappointed but it's okay, the lipstick color is beautiful and the body is fine",packing,negative,neutral,negativeâ†’neutral
"When it touches my lips, it turns pink. But it's okay, shipping is fast, cheap, ok.",colour,negative,neutral,negativeâ†’neutral
So,shipping,positive,negative,positiveâ†’negative
"This beautiful lipstick color is a bit darker, 003 will look better",colour,negative,positive,negativeâ†’positive
"I received the goods after 2 weeks, a birthday gift so I didn't try it out, maybe it's beautiful",shipping,positive,neutral,positiveâ†’neutral
Delivered all goods. waited 1 week. product ok. cheap price. will continue to supportâ€¦,shipping,positive,negative,positiveâ†’negative
"I feel like I was cheatedâ€¦ the color the company posted and the actual color are apart =)))) It's a real lie. It's pink and purple outside, oh fuck!",colour,negative,neutral,negativeâ†’neutral
"I bought it a second time, the lipstick is smooth and velvety ok, but the matteness is relatively poor, the base is more red than the website, but overall the color is still pretty.",stayingpower,positive,negative,positiveâ†’negative
"Uses: good Texture: light consistency Color fastness: 6 hours Delivery took a long time but in return, the shop packaged securely + nice smooth lipstick, cream powder type lipstick in general very satisfied with the product",stayingpower,neutral,positive,neutralâ†’positive
Mindful review corner: you get what you pay for. The paint color is good but the lipstick quality is flat. like candy,price,positive,neutral,positiveâ†’neutral
"The orange brown color is earthy, suitable for people with dark skin like me, very pretty",colour,positive,neutral,positiveâ†’neutral
"When I apply the lipstick on my hand, the color is very standard, but on my lips it's a different color and the lipstick is very difficult to blend so I have to blend it quickly. It's matte, the lipstick is cheap and beautiful and when I apply it on my hand, I smell it carefully and it bad. The quality is also okay for me ?",texture,negative,positive,negativeâ†’positive
"When I apply the lipstick on my hand, the color is very standard, but on my lips it's a different color and the lipstick is very difficult to blend so I have to blend it quickly. It's matte, the lipstick is cheap and beautiful and when I apply it on my hand, I smell it carefully and it bad. The quality is also okay for me ?",colour,negative,positive,negativeâ†’positive
"The right color, beautiful, matte lipstick, color 402 is pretty and color 302 probably doesn't match so it's a bit on the lips.",colour,neutral,positive,neutralâ†’positive
Color same as sample Slightly dry Relatively easy to clean Not very satisfied Buy it because it's cheap,texture,negative,positive,negativeâ†’positive
"Delivery takes a bit long. Spa ok. But in this lane, I don't see the seal on the outside like usual. Slightly earthy color.",colour,negative,neutral,negativeâ†’neutral
"The lipstick is smooth, quite ok, after eating and drinking, the color layer is still quite good, fades faster than merzy, will buy more in the future",stayingpower,neutral,negative,neutralâ†’negative
"The top down colors are 001,107,203 The lipstick is smooth, applies quite smoothly, and like cream I haven't looked in the mirror yet so I can't decide on any further colors",smell,positive,neutral,positiveâ†’neutral
"The lipstick has a good color base but has a coffee smell, so I really like it :((",smell,negative,positive,negativeâ†’positive
The color is brighter than in the photo. Cute lipstick but feels a bit dry on my lips.,colour,positive,negative,positiveâ†’negative
"The color on the outside looks a bit more pink, and when opened, there is a faint acrid smell like the smell of bitter lemon peel",smell,negative,positive,negativeâ†’positive
The color of the lipstick is beautiful but when applied it's clumpy and doesn't work very well,colour,positive,neutral,positiveâ†’neutral
"The lipstick is beautiful and softens the lips, it wears off quickly, but I don't like this color",colour,positive,negative,positiveâ†’negative
The lipstick color is super pretty but a bit more picky about my skin. The one with white/make up will look better. Who wants to get the 99k pass code? 0963168393,price,neutral,positive,neutralâ†’positive
Cheap and good lipstick,stayingpower,positive,negative,positiveâ†’negative
"Delivery didn't take long. Poor packaging caused the lipstick shell to be dented, but in return, the quality of the lipstick cannot be faulted. The lipstick washes off when eaten.",shipping,positive,negative,positiveâ†’negative
"Beautiful color, good lip balm powder,",texture,negative,positive,negativeâ†’positive
The color comes out beautifully. The lipstick is smooth but a bit heavy on the lips. I'm bored with one lipstick and it's not matte :)) I apply it on my lips and then use a dry makeup remover cotton to wipe it off and it's gone? but 2 of them are 99k and the price is so good. The store's packaging was so bad that it distorted the entire lipstick box,texture,neutral,negative,neutralâ†’negative
"Due to the epidemic, it will take about 10 days for delivery. Thank you for your understanding. I haven't tried it yet, so please review it.",shipping,negative,neutral,negativeâ†’neutral
"The product is very pleasant to use. Long lasting lipstick. Lips are not dry, the cream texture is very thick. The smell of chocolate is very",texture,neutral,positive,neutralâ†’positive
Bbia Last Velvet lip tint lipstick version 5 (5 colors) 5g Classification 24 Trendy notes,texture,neutral,positive,neutralâ†’positive
"Uses: beautiful lipstick color, about 90% true to the color chart Texture: Beautiful lipstick, does not dry lips Color fastness: Average matteness, easy to wear and drink",stayingpower,neutral,negative,neutralâ†’negative
"The shell is quite thick, the lipstick like candy, the texture is a bit thick and the color is exactly what I wanted, rate 5 stars",texture,neutral,negative,neutralâ†’negative
The lipstick has a nice price and a beautiful color. I like it so much that I bought it a second time and the store even gave me a gift,price,neutral,positive,neutralâ†’positive
"Super pretty lipstick, soft and fragrant. It's just the paint shell that's missing, the smell is a bit horrible, but everything else is ok?everyone looks at me and comments, does he only have 1 piece?",smell,positive,negative,positiveâ†’negative
Bought the 4th plant for my At first it was quite fragrant but then the smell became a bit different,smell,neutral,negative,neutralâ†’negative
The lipstick is not very matte and the smell is okay You should buy whatever you pay for,smell,positive,neutral,positiveâ†’neutral
The lipstick is not very matte and the smell is okay You should buy whatever you pay for,price,positive,neutral,positiveâ†’neutral
"The lipstick is very pretty, nice color, smooth, but not too sticky, suitable for the price",stayingpower,positive,negative,positiveâ†’negative
The lipstick is slightly glossy and the color is so,texture,neutral,positive,neutralâ†’positive
"Product is ok, lipstick has a smell Fast delivery, carefully packaged",smell,negative,positive,negativeâ†’positive
"Max lipstick is ok, almost no smell at all. The wool color is also very beautiful. I bought 2 wax and cream and got lip gloss as a gift. Delivery is also fast",smell,positive,neutral,positiveâ†’neutral
Showing orange usually shows the lipstick color clearly,colour,neutral,positive,neutralâ†’positive
"Uses: beautiful Texture: rough Color fastness: unknown Beautiful color, applies smoothly on lips, overall beautiful, not fragrant",stayingpower,positive,neutral,positiveâ†’neutral
The lipstick a bit like chocolate and the lipstick is quite smooth but seems a bit powdery,texture,neutral,negative,neutralâ†’negative
The color is very beautifulâ€¦ it's not matte and lasts a long timeâ€¦ it will wash off when you eat it but it won't dry out your lipsâ€¦ bought 2 for 99kâ€¦ too cheap.. overseas so shipping takes a while,stayingpower,negative,positive,negativeâ†’positive
The shop packaged the goods very carefully and meticulously The color is not very pretty But it's ok,colour,negative,positive,negativeâ†’positive
"Delivery took a while, but in return the lipstick is smooth and the color is perfect on the hand, so I don't know how it looks on the lips",colour,positive,neutral,positiveâ†’neutral
"Matte lipstick, slightly pungent smell, dries quickly so spreads quickly, good color for the price.",texture,neutral,positive,neutralâ†’positive
The color is beautiful and the packaging is beautiful and fragrant. The quality of the lipstick to my lips. Using lip balm is a bit better. It's worth the money.,stayingpower,negative,positive,negativeâ†’positive
The color is beautiful and the packaging is beautiful and fragrant. The quality of the lipstick to my lips. Using lip balm is a bit better. It's worth the money.,texture,neutral,positive,neutralâ†’positive
"Beautiful lipstick ? beautiful packaging, fast shipping, I like the quality of the lipstick. It's a bit dry but it gives the right color and lasts for a long time. I would buy it.",texture,neutral,positive,neutralâ†’positive
"Uses: Yes Texture: Okay Color fastness: Good I don't really like this scent, but after applying it a little, I don't notice the smell",smell,neutral,negative,neutralâ†’negative
"The lipstick is very beautiful and cheap, delivery took a while but it's beautifulâ€¦",shipping,neutral,negative,neutralâ†’negative
"You get what you pay for, if the lipstick doesn't have a matte finish, it looks smudged without lipstick, so don't buy it, it's a waste of money.",price,negative,positive,negativeâ†’positive
"Lipstick is washed off, ok",stayingpower,negative,positive,negativeâ†’positive
"Uses: lipstick Texture: water Color fastness: 3-4 hours Wow, I thought it wouldn't be delivered :)) It turns out the guy who sent it to me took it home and now he delivered it and it was delivered successfully :))) I bought it twice and it's cheap but I like it a lot. Personally, I like this one more than black rouge.",shipping,neutral,positive,neutralâ†’positive
Beautiful lipstick color. The lipstick rarely dries out the lips. Packaging ok. Delivery is also okay.,texture,neutral,positive,neutralâ†’positive
Beautiful lipstick color. The lipstick rarely dries out the lips. Packaging ok. Delivery is also okay.,shipping,positive,neutral,positiveâ†’neutral
"The product is very beautiful, this color is the best color, orange red is super pretty, the lipstick quality is still the same, it washes off quickly and is clean.",stayingpower,negative,positive,negativeâ†’positive
"The product is very beautiful, this color is the best color, orange red is super pretty, the lipstick quality is still the same, it washes off quickly and is clean.",texture,neutral,positive,neutralâ†’positive
"The product is carefully packaged, the lipstick color is beautiful, the smell is a bit harsh at first but then fragrant, the lipstick is matte but needs moisturizing.",texture,neutral,negative,neutralâ†’negative
"Excellent product quality Good packaging, fast shipping ok",shipping,negative,positive,negativeâ†’positive
"302 is a red-orange color, 405 is quite similar to the model, for me, 302 is a bit ? because I like darker colors, but it still brightens my skin. I love 405 more.",colour,neutral,positive,neutralâ†’positive
"Delivered on time, soft and smooth lipstick quality, beautiful design and color.",shipping,positive,neutral,positiveâ†’neutral
Uses: lipstick Texture: powder Color fastness: matte The lipstick is a bit powdery so you have to moisturize it before applying it Delivery takes up to 1 month,texture,negative,neutral,negativeâ†’neutral
"The lipstick is beautiful but it's more red, less brown, delivery takes a bit longer",colour,neutral,negative,neutralâ†’negative
Uses: Make new products from hongfordof Texture: 1 cup lipstick Color fastness: Very fast Lipstick is so beautiful,stayingpower,neutral,positive,neutralâ†’positive
Uses: Make new products from hongfordof Texture: 1 cup lipstick Color fastness: Very fast Lipstick is so beautiful,texture,negative,neutral,negativeâ†’neutral
"Delivery takes about 7 days to receive the goods, product as sample, price ok",shipping,positive,neutral,positiveâ†’neutral
"Uses: nice Texture: wool wool Color fastness: not blue The product is so beautiful and amazing, I couldn't expect anything more. Thank you to the supplier, manufacturer, thank you to the seller, thank you to the e-commerce platform, thank you to the carrier for giving me the opportunity to use a good product like this.",stayingpower,negative,neutral,negativeâ†’neutral
"Uses: nice Texture: wool wool Color fastness: not blue The product is so beautiful and amazing, I couldn't expect anything more. Thank you to the supplier, manufacturer, thank you to the seller, thank you to the e-commerce platform, thank you to the carrier for giving me the opportunity to use a good product like this.",colour,positive,neutral,positiveâ†’neutral
"I tried the lipstick myself I'm a bit disappointed with color 302 because it's brighter than I thought You should choose 402, it's pretty Nice lipstick quality I don't like the packaging because it shipped so far away without a box",colour,neutral,negative,neutralâ†’negative
"Uses: beautiful color Texture: unknown Color fastness: no I bought it once at the shop and then rest assured, the lipstick is extremely cheap and the color is amazing, you should buy it?",stayingpower,negative,neutral,negativeâ†’neutral
"It's beautiful, so excellent heheeâ€¦ delivered in the right color and right model, nothing missing hihiâ€¦ perfect knot",shipping,positive,neutral,positiveâ†’neutral
"Uses: sOn Texture: CREAM Color fastness: cream The scent of the lipstick is like the smell of chocolate candy coins, but the smell will wear off after a long time, and the powder lipstick can easily wash off",smell,neutral,positive,neutralâ†’positive
"I don't know the color very well But ok, you get what you pay for â€¦",colour,positive,neutral,positiveâ†’neutral
The quality of the lipstick is okay. Minus 1 star because the delivery took too long and the wait was tiring.,texture,positive,neutral,positiveâ†’neutral
"The lipstick is really good quality, fragrant and smooth, 402 is in the picture but darker on the outside, I bought 404 for you, will update later. The packaging is poor, only a black bag but it doesn't affect much, you should buy it, you also get an extra gift",packing,neutral,negative,neutralâ†’negative
"The shop gave me this lipstick But when I asked the shop again, the shop gave me a discount code to buy it again",shipping,neutral,negative,neutralâ†’negative
The lipstick is odorless and the color is good,smell,positive,neutral,positiveâ†’neutral
"The lipstick color is a bit orange, right? A bit dry, 150k is more than ok",colour,negative,neutral,negativeâ†’neutral
"The lipstick quality is a bit disappointing, very sticky, needs to be blended quickly to avoid uneven color In return, the color is beautiful The problem is that there are 2 links with the same lipstick code, but 1 link sells for 129k, the other sells for 200k :)))",price,neutral,positive,neutralâ†’positive
"It took a while to receive the product, but in return the product is beautiful, the lipstick is the right color but very matte and a bit difficult to blend",texture,negative,positive,negativeâ†’positive
"The lipstick has a good smell? matte lipstick ? Delivery took a while, bbmn xbhd",texture,neutral,positive,neutralâ†’positive
"Delivery took a long time, but the eyes could not get the lipstick to be red, so many letters and pictures were written that were not related",colour,neutral,negative,neutralâ†’negative
"Standard colored lipstick won't dry out your lips too much, but matte lipstick will of course not be as nourishing as stick lip gloss",texture,neutral,positive,neutralâ†’positive
"The product is cheap, I haven't used it yet so I don't know the quality. Only the delivery person made me panic because the packaging was torn but luckily it was still enough.",shipping,neutral,negative,neutralâ†’negative
"Hic, this color is not pretty, even if you wear it, your lipstick will still fall off Delivery a bit long",colour,negative,positive,negativeâ†’positive
"Uses: 5/10 Texture: 5/10 Color fastness: 4/10 You get what you pay for, dry lipstick, super smell, rickety plastic case",stayingpower,negative,positive,negativeâ†’positive
"Uses: 5/10 Texture: 5/10 Color fastness: 4/10 You get what you pay for, dry lipstick, super smell, rickety plastic case",texture,negative,positive,negativeâ†’positive
"Uses: 5/10 Texture: 5/10 Color fastness: 4/10 You get what you pay for, dry lipstick, super smell, rickety plastic case",smell,negative,positive,negativeâ†’positive
"Uses: 5/10 Texture: 5/10 Color fastness: 4/10 You get what you pay for, dry lipstick, super smell, rickety plastic case",price,neutral,positive,neutralâ†’positive
"Use: lipstick Texture: dry Color fastness: excellent, long-lasting after eating grease I bought it for the second time and it's great. I don't like the moist style of lipstick, but this lipstick dries out my lips. It's great. 10 VND",texture,positive,negative,positiveâ†’negative
"Color fastness: very fast The smell is also very fragrant, the packaging is also very beautiful and luxurious",stayingpower,positive,negative,positiveâ†’negative
Son mauf ?p nh?ng khĂ´ng ?c th?m v?i giĂˇ nh? nĂ y thĂ¬ ok r?i. Delivery took a while,smell,negative,positive,negativeâ†’positive
"Looking at the sample, I thought it was red, but when I applied it to my lips, it turned out to be deep red, suitable for soaked skin. It's delicious and genuine Bbia is the best ?",colour,positive,negative,positiveâ†’negative
"The brush is soft, the lipstick inside also has a orange smell but the outside really dark :))) after looking at the reviews, the shop often sends missing items. My friend was also sent the wrong color of eye shadow and was shocked, luckily the shop delivered the correct one and enough for me.",smell,negative,neutral,negativeâ†’neutral
"The brush is soft, the lipstick inside also has a orange smell but the outside really dark :))) after looking at the reviews, the shop often sends missing items. My friend was also sent the wrong color of eye shadow and was shocked, luckily the shop delivered the correct one and enough for me.",shipping,positive,negative,positiveâ†’negative
"The lipstick has a non-fine powdery texture. Seeing a lot of purchases, I thought the quality was just normal. Don't buy it, everyone",texture,negative,neutral,negativeâ†’neutral
The color is a little different than expected but I like the lipstick. At first it's a bit loose on my lips but after about 5 seconds it dries and it becomes more matte and smooth without showing any lip lines. Will buy more colors later.,colour,negative,positive,negativeâ†’positive
Some of the models I posted are for sale Son is ok Cheap price suitable for quality 1 week in stock. I'm in Ho Chi Minh City,shipping,neutral,positive,neutralâ†’positive
"The color is beautiful, the skin is beautiful, the skin is beautiful, the smell is also beautiful, these cheap domestic lipsticks make me feel uneasyâ€¦",price,neutral,positive,neutralâ†’positive
"This color is very beautiful. I hesitated a lot, but after hearing Ms. Ha Linh's review, I decided to buy it. The lipstick feels a bit waxy when applied, but for this price it's extremely good",texture,negative,positive,negativeâ†’positive
Beautiful lipstick Smooth and soft material Slightly pink color Suitable for light skin Reasonable price,colour,neutral,positive,neutralâ†’positive
"Fast delivery, lipstick is difficult to spread evenly, beautiful color, easy to wear, a bit terrible",smell,negative,positive,negativeâ†’positive
"The lipstick is redder than the picture, the quality of the lipstick is ok and applies smoothly but shows the lip lines and rubs off easily",colour,neutral,negative,neutralâ†’negative
"Beautiful lipstick, carefully packaged and beautiful color on lips. Super like: 3 very matte lipsticks",stayingpower,negative,positive,negativeâ†’positive
"Lipstick color 20 hk is very beautiful. There are quite a few pink bases, everyone. The color is not like the photo. Color: 1 little pink, 1 little red, 1 little brown ?. In general, not very pretty. It has a soft and smooth texture. Well, I still give the shop 5 stars",colour,negative,positive,negativeâ†’positive
"Normal lipstick color, please consider. Goodbye, after crying, put your poster in the corner and let's stop looking at each other for a while. Every time I see you scared, my heart hurts more. I don't know if I can get over this shock. Wait",colour,neutral,positive,neutralâ†’positive
"Uses: The lipstick is very smooth and silky Texture: fragrant chocolate scent Color fastness: super standard on lips Delivery was a bit slow, I ordered on 12/12 and received it in",stayingpower,neutral,positive,neutralâ†’positive
"Uses: very good value for money Structure: compact and convenient Color fastness: absolutely beautiful The shop delivered within 2 days. The lipstick is reputable and the color on the lips is beautiful. Next time, I will support the shop nx",texture,positive,neutral,positiveâ†’neutral
"Uses: This product is available now, no one can buy it, so it's okay",price,positive,neutral,positiveâ†’neutral
"The two basic colors are the same, the lipstick is very smooth, very beautiful, the shop delivered quickly but there was a shortage of goods",colour,neutral,positive,neutralâ†’positive
"Delivery is 1 week away. At this price, I don't expect the lipstick to be matte and beautiful, but it's still ok to apply on the lips. Apply lip balm first to avoid dry lips. 302 is beautiful while 203 is more orange",stayingpower,neutral,negative,neutralâ†’negative
"Delivery is 1 week away. At this price, I don't expect the lipstick to be matte and beautiful, but it's still ok to apply on the lips. Apply lip balm first to avoid dry lips. 302 is beautiful while 203 is more orange",texture,positive,neutral,positiveâ†’neutral
"Delivery is 1 week away. At this price, I don't expect the lipstick to be matte and beautiful, but it's still ok to apply on the lips. Apply lip balm first to avoid dry lips. 302 is beautiful while 203 is more orange",colour,positive,neutral,positiveâ†’neutral
"It's so beautiful that it doesn't fade quickly, but it very",stayingpower,negative,positive,negativeâ†’positive
"The picture is not related. I bought it a second time. I should buy the lipstick, the quality is very good. It's on sale but the price is still the same every day",price,neutral,positive,neutralâ†’positive
"The lipstick looks nice on the lips, but why doesn't it look orange-red on the lips? Pure red fhjjk",colour,negative,positive,negativeâ†’positive
"The lipstick case is very beautiful and looks very luxurious. I chose V24 in pink base and I think people with dark skin should not buy it because this color does not enhance skin tone. But overall, the lipstick is smooth and fragrant. OK",colour,neutral,negative,neutralâ†’negative
"The color is not as described in the picture or compared to the lipstick packaging. The quality of the lipstick seems to be nourishing, so it makes the lips soft, but like previous feedback, the lipstick is not smooth but has tiny of particles.",texture,negative,positive,negativeâ†’positive
"The lipstick color is exactly like an earthy orange, without clumping. When applied in layers, it to the center of the lips. The plus point is that the lipstick applies evenly, is the right color, and has a fragrant scent. Should makeup with this color not look a bit strange",texture,negative,positive,negativeâ†’positive
"Carefully packaged, fully delivered product. I really like it, this lipstick is more drying so please use more lip balm? the video is for donation purposes only.",texture,negative,positive,negativeâ†’positive
"The packaging is sure not to be dented or the lipstick cap is opened. If you are allergic to the smell like me, you can still use it. The color is beautiful, exactly the color I like, reddish brown but a little more brown, not too However, the delivery took a bit long. I ordered it on January 1 and just got it now, but it's okay. The quality is 10 points 10 points ?",smell,neutral,positive,neutralâ†’positive
"The packaging is sure not to be dented or the lipstick cap is opened. If you are allergic to the smell like me, you can still use it. The color is beautiful, exactly the color I like, reddish brown but a little more brown, not too However, the delivery took a bit long. I ordered it on January 1 and just got it now, but it's okay. The quality is 10 points 10 points ?",shipping,positive,negative,positiveâ†’negative
The lipstick color is quite good but will look a bit older. You should read reviews before buying. The lipstick easily to the rim of the cup even if you only drink light water.,stayingpower,negative,positive,negativeâ†’positive
The lipstick color is quite good but will look a bit older. You should read reviews before buying. The lipstick easily to the rim of the cup even if you only drink light water.,colour,neutral,positive,neutralâ†’positive
"Fast delivery. Product packaging is very secure. But I bought 2 cups, which one gives beautiful color on my lips ? mud",colour,negative,positive,negativeâ†’positive
"Original lipstick color 403 in the video Smooth to use, slightly dry so add lip balm, easy to use color, whitens teeth",texture,neutral,positive,neutralâ†’positive
"Beautiful lipstick color, brick red brown, matte, not shiny. Product packaging is okay.",packing,positive,neutral,positiveâ†’neutral
"Fast delivery, but takes a long time to prepare, genuine product, more pink color",colour,neutral,positive,neutralâ†’positive
"Color 02 is a bit disappointing because I like a little more texture and ss05 is great. Last time I bought 01, I was also satisfied.",colour,neutral,negative,neutralâ†’negative
"The lipstick color is very pretty, the quality is not powdery at all. You can go to my tiktok channel @mint110702 to see product details ?",texture,neutral,positive,neutralâ†’positive
Texture: cx ok Color fastness: the color is very beautiful I bought it for you so I don't know how to rate it properly but the color is so beautiful and not too dark.,texture,neutral,positive,neutralâ†’positive
"The product is well packaged, shockproof, delivered in full, the color of the blush is not very good, the foundation does not have high coverage, the eyeshadow is enough, the shop packaged the goods quickly.",shipping,neutral,positive,neutralâ†’positive
Product delivered in full. The shop is very enthusiastic and very satisfied with the productâ€¦,shipping,neutral,positive,neutralâ†’positive
"Foreign customers should return for a long time. For this price, I don't expect much. When I tested the lipstick on my hand, it was smooth, but when I tested it on my lips, it was difficult to make it even out. The vid is for the purpose of receiving coins",texture,negative,neutral,negativeâ†’neutral
"Foreign customers should return for a long time. For this price, I don't expect much. When I tested the lipstick on my hand, it was smooth, but when I tested it on my lips, it was difficult to make it even out. The vid is for the purpose of receiving coins",shipping,negative,positive,negativeâ†’positive
"This lipstick is beyond debate. It has a good scent and the color is perfect. It's also beautiful and suitable for cold seasons. It doesn't dry out too much. It's okay if the shop ships the packaging carefully, but when the lipstick box is dented and all the clear lipstick is gone, it's okay",packing,negative,positive,negativeâ†’positive
"Applying orange color to the lips, the product is wonderful and fragrant. Rated 5 stars",colour,positive,neutral,positiveâ†’neutral
"The lipstick is very pretty. It really good and lasts quite a long time, but when you eat or drink water, your lips can easily rub off, so I don't think this will last hihi.",stayingpower,negative,positive,negativeâ†’positive
"Color fastness: gagha Uses: hAhha Texture: tagah Haven't tried this one yet, delivery is still too expensive so whether it's pretty or not, it's the same, 3 stars",stayingpower,neutral,positive,neutralâ†’positive
"Color fastness: gagha Uses: hAhha Texture: tagah Haven't tried this one yet, delivery is still too expensive so whether it's pretty or not, it's the same, 3 stars",texture,neutral,positive,neutralâ†’positive
"Color fastness: gagha Uses: hAhha Texture: tagah Haven't tried this one yet, delivery is still too expensive so whether it's pretty or not, it's the same, 3 stars",shipping,negative,positive,negativeâ†’positive
"Beautiful lipstick, I bought color lipstick case, velvet lipstick cap so it looks very luxurious, you should buy it",colour,neutral,positive,neutralâ†’positive
The color on the outside looks nma the lipstick dries a bit quickly when applied to the lips before even spreading it and it's already dry,colour,positive,neutral,positiveâ†’neutral
"Uses: jw Texture: chan Color fastness: cream The lipstick doesn't last long, but quickly wears off a lot, so I checked it and got bored",texture,negative,neutral,negativeâ†’neutral
"Goods as pictured, very well packaged, delivery took a bit long but since it was November 11, it was ok.",shipping,neutral,negative,neutralâ†’negative
"The lipstick color is so beautiful, the color is perfect, it applies smoothly on the lips, and it lasts a little longer",shipping,negative,positive,negativeâ†’positive
The product is securely packaged and the packaging is beautiful. I don't think the lipstick color is much different from the previous versions and the scent is almost the same as the dreamy late night version.,smell,neutral,positive,neutralâ†’positive
The product is securely packaged and the packaging is beautiful. I don't think the lipstick color is much different from the previous versions and the scent is almost the same as the dreamy late night version.,colour,neutral,positive,neutralâ†’positive
Just like the pictureâ€¦ The color is a bit darker than the picture so check it out when buying.. beautiful lipstick color and fragrant scent ?,colour,negative,positive,negativeâ†’positive
"Uses: Lipstick Texture: thick Color fastness: not matte On the shop photo, color 105 looks more like earthy pink. What I received is orange, but it is not earthy orange. It's a bit muddy, the lipstick is thick, powdery, and most paints will have a glossy layer. Delivery took a long time. In general, the lipstick is beautiful and the quality is good. It's just that the color is not the same as in the photo, so it's a bit muddy.",texture,neutral,negative,neutralâ†’negative
"Uses: Lipstick Texture: thick Color fastness: not matte On the shop photo, color 105 looks more like earthy pink. What I received is orange, but it is not earthy orange. It's a bit muddy, the lipstick is thick, powdery, and most paints will have a glossy layer. Delivery took a long time. In general, the lipstick is beautiful and the quality is good. It's just that the color is not the same as in the photo, so it's a bit muddy.",colour,neutral,negative,neutralâ†’negative
"packing ok Comes with a lovely card Due to the pandemic situation, delivery may take a while. I sympathize standard lipstick",shipping,neutral,negative,neutralâ†’negative
"Delivered in the correct size, lightly scented with chocolate, not sticky, but for this price it's okay ?",shipping,positive,neutral,positiveâ†’neutral
"Uses: If the price is like a loan, then there's nothing to cover it up Texture: thin lipstick and deodorant Color fastness: when drinking water, it will stain on the coc bar, but the general area will not be damaged",stayingpower,negative,neutral,negativeâ†’neutral
"Uses: If the price is like a loan, then there's nothing to cover it up Texture: thin lipstick and deodorant Color fastness: when drinking water, it will stain on the coc bar, but the general area will not be damaged",texture,positive,neutral,positiveâ†’neutral
"The lipstick color is beautiful and faint, suitable for even soaked skin like mine. Shipping internationally doesn't take long at all ?",shipping,positive,negative,positiveâ†’negative
"The color doesn't suit dark skin very well. In my opinion, if you buy it, go to YT and see the review. The shop packed it well and gave you a mask. The quality of the lipstick is very difficult to spread. It looks powdery. The size of the lipstick is small, not much lipstick. You get what you pay for.",colour,neutral,negative,neutralâ†’negative
"I bought it as a gift for a friend so I don't have a picture. I'm sorry, but the v26 color is not beautiful, please think carefully.",colour,negative,neutral,negativeâ†’neutral
"Despite the translation, the delivery time is quite fast, the lipstick has a very chocolate scent, when swatched on the hand the color is quite standard, similar to the picture (on the hand there is more red than in the photo) but when applied to the lips it leans more towards orange, overall it's okay but not very satisfied :(",smell,neutral,positive,neutralâ†’positive
"Despite the translation, the delivery time is quite fast, the lipstick has a very chocolate scent, when swatched on the hand the color is quite standard, similar to the picture (on the hand there is more red than in the photo) but when applied to the lips it leans more towards orange, overall it's okay but not very satisfied :(",colour,neutral,positive,neutralâ†’positive
"Product delivered correctly and complete. However, the packaging was not careful and there was no shock protection. Can't rate the quality yet because I haven't used it yet. Hope the company fixes the packaging problem so customers can rest assured when ordering to Vietnam.",shipping,neutral,negative,neutralâ†’negative
"Super like it, I don't really like the smell of lipstick, but anyone who likes the smell of coffee will find it fragrant",smell,negative,positive,negativeâ†’positive
"The lipstick is cheap but the packaging is so pretty, the lipstick color is a gentle earth tone",colour,neutral,positive,neutralâ†’positive
"The lipstick is very pretty, delivery is not too slow, the box is not dented, the lipstick color is quite fragrant v26 color is very beautiful",shipping,positive,neutral,positiveâ†’neutral
"Not packaged carefully, bought genuine product but the box was distorted and looked like a fake product. I wonder if it's boring. The lipstick comes off easily and clearly, the previous bars last a long time even if you eat or drink until the end of the day, there will still be a layer of tint but this one can be applied for 1 hour and it's almost gone even if you don't eat and only drink water.",stayingpower,negative,positive,negativeâ†’positive
"Not packaged carefully, bought genuine product but the box was distorted and looked like a fake product. I wonder if it's boring. The lipstick comes off easily and clearly, the previous bars last a long time even if you eat or drink until the end of the day, there will still be a layer of tint but this one can be applied for 1 hour and it's almost gone even if you don't eat and only drink water.",packing,negative,positive,negativeâ†’positive
"As far as I can see, the lipstick color is not as matte as described, everyone, the packaging is very careful.",colour,positive,neutral,positiveâ†’neutral
"Hunting for sale also gets 1 free lip mask hihi. Supporting the shop for the 3rd time and it's true that the more I buy, the more I like it. The lipstick is quite nice to wear, but the color I like is dark red, but due to my lip pigmentation, it looks a bit pink. Worth buying",colour,negative,positive,negativeâ†’positive
"Product is ok, fast delivery, I bought it as a gift so I didn't use it, but I heard color 25 is the hottest color. The packaging is super nice and sturdy.",colour,neutral,positive,neutralâ†’positive
Light colored lipstick case Apply a different color than in the photo Poor quality lipstick Mk bought a FAKE product VERY DISAPPOINTED You should consider when buying,colour,negative,positive,negativeâ†’positive
Uses: beautiful color Texture: a bit dry but terrible? Color fastness: long lasting Pack the goods carefully to match the price,texture,neutral,negative,neutralâ†’negative
Uses: beautiful color Texture: a bit dry but terrible? Color fastness: long lasting Pack the goods carefully to match the price,smell,negative,positive,negativeâ†’positive
"The lipstick is so pretty that it looks more pink than red on the lips, the quality is so smooth that you should buy it, the shop packed it well and delivered it quite quickly and .",colour,neutral,positive,neutralâ†’positive
"Uses: soft lipstick that doesn't dry your lips Texture: beautiful and sturdy Color fastness: beautiful color but not very pleasant when applied, but the smell is horrible",colour,negative,positive,negativeâ†’positive
"Dark red tone, more suitable for winter than summer. TPD's package is nothing special, ravishingly beautiful. The lipstick cap is made of velvet so it can get dirty. The lipstick is soft and silky, similar to BBIA but less powdery",colour,neutral,positive,neutralâ†’positive
"The lipstick is beautiful on the lips, the light color is suitable for those who like natural tones and bare faces. If you want it darker, combine your lips with another darker lipstick.",colour,positive,neutral,positiveâ†’neutral
